layer,head,insertion_rate_masked,delta_insertion_rate,delta_repetition,delta_syntactic,delta_content,p_value_delta,regression_checked,non_indian_wer_masked,regression_ok
0,0,0.1007164790174002,-0.08802456499488229,-0.0436028659160696,-0.04360286591606961,-0.0008188331627430913,0.8508,True,0.0665,True
0,1,0.10112589559877175,-0.08843398157625383,-0.0436028659160696,-0.04380757420675538,-0.0010235414534288632,0.9326,True,0.0654,True
0,2,0.012691914022517911,0.0,0.0,0.00020470829068577282,-0.00020470829068577195,1.0,False,,
0,3,0.016786079836233366,-0.004094165813715455,-0.0038894575230296827,0.0006141248720573185,-0.0008188331627430913,0.9247,True,0.0727,False
0,4,0.01248720573183214,0.00020470829068577195,0.0,0.00040941658137154564,-0.00020470829068577195,0.3662,False,,
0,5,1.0143295803480041,-1.0016376663254862,-0.46960081883316274,-0.5154554759467759,-0.016581371545547594,1.0,True,0.7319,False
0,6,0.01330603889457523,-0.0006141248720573193,-0.0010235414534288639,0.0008188331627430913,-0.00040941658137154564,0.837,True,0.0672,True
0,7,0.012691914022517911,0.0,0.0,0.00040941658137154564,-0.00040941658137154564,1.0,False,,
0,8,0.01248720573183214,0.00020470829068577195,0.0,0.00040941658137154564,-0.00020470829068577195,0.4211,False,,
0,9,0.10030706243602866,-0.08761514841351074,-0.04278403275332651,-0.04421699078812692,-0.0006141248720573176,0.7585,True,0.0661,True
0,10,0.012691914022517911,0.0,0.0,0.00040941658137154564,-0.00040941658137154564,1.0,False,,
0,11,0.012691914022517911,0.0,0.0,0.00040941658137154564,-0.00040941658137154564,1.0,False,,
0,12,0.01248720573183214,0.00020470829068577195,0.0,0.0006141248720573185,-0.00040941658137154564,0.4406,False,,
0,13,0.10194472876151484,-0.08925281473899692,-0.0436028659160696,-0.044626407369498466,-0.0010235414534288632,0.9718,True,0.0691,True
0,14,0.012077789150460594,0.0006141248720573176,0.0,0.0008188331627430913,-0.00020470829068577195,0.2393,True,0.0677,True
0,15,0.012077789150460594,0.0006141248720573176,0.0,0.0006141248720573185,0.0,0.0506,True,0.0663,True
0,16,0.01330603889457523,-0.0006141248720573193,-0.00020470829068577277,0.0,-0.00040941658137154564,0.9258,True,0.0665,True
0,17,0.012691914022517911,0.0,0.0,0.00040941658137154564,-0.00040941658137154564,1.0,False,,
0,18,0.10133060388945753,-0.08863868986693961,-0.04380757420675537,-0.04360286591606961,-0.001228249744114637,1.0,True,0.0667,True
0,19,0.012691914022517911,0.0,0.0,0.00040941658137154564,-0.00040941658137154564,1.0,False,,
1,0,0.012691914022517911,0.0,0.0,0.00040941658137154564,-0.00040941658137154564,1.0,False,,
1,1,0.012691914022517911,0.0,0.0,0.00040941658137154564,-0.00040941658137154564,1.0,False,,
1,2,0.012691914022517911,0.0,0.0,0.00040941658137154564,-0.00040941658137154564,1.0,False,,
1,3,0.012691914022517911,0.0,0.0,0.00040941658137154564,-0.00040941658137154564,1.0,False,,
1,4,0.012691914022517911,0.0,0.0,0.00040941658137154564,-0.00040941658137154564,1.0,False,,
1,5,0.013101330603889457,-0.00040941658137154564,-0.00020470829068577277,0.00040941658137154564,-0.0006141248720573176,1.0,False,,
1,6,0.012691914022517911,0.0,0.0,0.00040941658137154564,-0.00040941658137154564,1.0,False,,
1,7,0.012691914022517911,0.0,0.0,0.00040941658137154564,-0.00040941658137154564,1.0,False,,
1,8,0.012691914022517911,0.0,0.0,0.00040941658137154564,-0.00040941658137154564,1.0,False,,
1,9,0.012691914022517911,0.0,0.0,0.00040941658137154564,-0.00040941658137154564,1.0,False,,
1,10,0.01248720573183214,0.00020470829068577195,0.0,0.0006141248720573185,-0.00040941658137154564,0.3737,False,,
1,11,0.013101330603889457,-0.00040941658137154564,-0.00020470829068577277,0.00040941658137154564,-0.0006141248720573176,1.0,False,,
1,12,0.012691914022517911,0.0,0.0,0.00040941658137154564,-0.00040941658137154564,1.0,False,,
1,13,0.012691914022517911,0.0,0.0,0.00040941658137154564,-0.00040941658137154564,1.0,False,,
1,14,0.012691914022517911,0.0,0.0,0.00040941658137154564,-0.00040941658137154564,1.0,False,,
1,15,0.012691914022517911,0.0,0.0,0.00040941658137154564,-0.00040941658137154564,1.0,False,,
1,16,0.012691914022517911,0.0,0.0,0.00040941658137154564,-0.00040941658137154564,1.0,False,,
1,17,0.012691914022517911,0.0,0.0,0.00040941658137154564,-0.00040941658137154564,1.0,False,,
1,18,0.012691914022517911,0.0,0.0,0.00040941658137154564,-0.00040941658137154564,1.0,False,,
1,19,0.012691914022517911,0.0,0.0,0.00040941658137154564,-0.00040941658137154564,1.0,False,,
2,0,0.012691914022517911,0.0,0.0,0.00040941658137154564,-0.00040941658137154564,1.0,False,,
2,1,0.012691914022517911,0.0,0.0,0.00040941658137154564,-0.00040941658137154564,1.0,False,,
2,2,0.012691914022517911,0.0,0.0,0.00040941658137154564,-0.00040941658137154564,1.0,False,,
2,3,0.012691914022517911,0.0,0.0,0.00040941658137154564,-0.00040941658137154564,1.0,False,,
2,4,0.012691914022517911,0.0,0.0,0.00040941658137154564,-0.00040941658137154564,1.0,False,,
2,5,0.012691914022517911,0.0,0.0,0.00040941658137154564,-0.00040941658137154564,1.0,False,,
2,6,0.012691914022517911,0.0,0.0,0.00040941658137154564,-0.00040941658137154564,1.0,False,,
2,7,0.012691914022517911,0.0,0.0,0.00040941658137154564,-0.00040941658137154564,1.0,False,,
2,8,0.012691914022517911,0.0,0.0,0.00040941658137154564,-0.00040941658137154564,1.0,False,,
2,9,0.012691914022517911,0.0,0.0,0.00040941658137154564,-0.00040941658137154564,1.0,False,,
2,10,0.012691914022517911,0.0,0.0,0.00040941658137154564,-0.00040941658137154564,1.0,False,,
2,11,0.012691914022517911,0.0,0.0,0.00040941658137154564,-0.00040941658137154564,1.0,False,,
2,12,0.012691914022517911,0.0,0.0,0.00040941658137154564,-0.00040941658137154564,1.0,False,,
2,13,0.012691914022517911,0.0,0.0,0.00040941658137154564,-0.00040941658137154564,1.0,False,,
2,14,0.012691914022517911,0.0,0.0,0.00040941658137154564,-0.00040941658137154564,1.0,False,,
2,15,0.012691914022517911,0.0,0.0,0.00040941658137154564,-0.00040941658137154564,1.0,False,,
2,16,0.012691914022517911,0.0,0.0,0.00040941658137154564,-0.00040941658137154564,1.0,False,,
2,17,0.013101330603889457,-0.00040941658137154564,-0.00020470829068577277,0.00040941658137154564,-0.0006141248720573176,1.0,False,,
2,18,0.012691914022517911,0.0,0.0,0.00040941658137154564,-0.00040941658137154564,1.0,False,,
2,19,0.012691914022517911,0.0,0.0,0.00040941658137154564,-0.00040941658137154564,1.0,False,,
3,0,0.013101330603889457,-0.00040941658137154564,-0.00020470829068577277,0.00040941658137154564,-0.0006141248720573176,1.0,False,,
3,1,0.012691914022517911,0.0,0.0,0.00040941658137154564,-0.00040941658137154564,1.0,False,,
3,2,0.01248720573183214,0.00020470829068577195,0.0,0.0006141248720573185,-0.00040941658137154564,0.3749,False,,
3,3,0.012282497441146366,0.00040941658137154564,0.0,0.0008188331627430913,-0.00040941658137154564,0.1397,False,,
3,4,0.012691914022517911,0.0,0.0,0.00040941658137154564,-0.00040941658137154564,1.0,False,,
3,5,0.01248720573183214,0.00020470829068577195,0.0,0.0006141248720573185,-0.00040941658137154564,0.3737,False,,
3,6,0.012691914022517911,0.0,0.0,0.00040941658137154564,-0.00040941658137154564,0.6574,False,,
3,7,0.012691914022517911,0.0,0.0,0.00040941658137154564,-0.00040941658137154564,1.0,False,,
3,8,0.012691914022517911,0.0,0.0,0.00040941658137154564,-0.00040941658137154564,1.0,False,,
3,9,0.012691914022517911,0.0,0.0,0.00040941658137154564,-0.00040941658137154564,1.0,False,,
3,10,0.012691914022517911,0.0,0.0,0.00040941658137154564,-0.00040941658137154564,1.0,False,,
3,11,0.012691914022517911,0.0,0.0,0.00040941658137154564,-0.00040941658137154564,1.0,False,,
3,12,0.012691914022517911,0.0,0.0,0.00040941658137154564,-0.00040941658137154564,1.0,False,,
3,13,0.012691914022517911,0.0,0.0,0.00040941658137154564,-0.00040941658137154564,1.0,False,,
3,14,0.012691914022517911,0.0,0.0,0.00040941658137154564,-0.00040941658137154564,1.0,False,,
3,15,0.012691914022517911,0.0,0.0,0.00040941658137154564,-0.00040941658137154564,1.0,False,,
3,16,0.012691914022517911,0.0,0.0,0.00040941658137154564,-0.00040941658137154564,1.0,False,,
3,17,0.012691914022517911,0.0,0.0,0.00040941658137154564,-0.00040941658137154564,1.0,False,,
3,18,0.012691914022517911,0.0,0.0,0.00040941658137154564,-0.00040941658137154564,1.0,False,,
3,19,0.012691914022517911,0.0,0.0,0.00040941658137154564,-0.00040941658137154564,1.0,False,,
4,0,0.012691914022517911,0.0,0.0,0.00040941658137154564,-0.00040941658137154564,1.0,False,,
4,1,0.013101330603889457,-0.00040941658137154564,-0.00020470829068577277,0.00040941658137154564,-0.0006141248720573176,1.0,False,,
4,2,0.012691914022517911,0.0,0.0,0.00040941658137154564,-0.00040941658137154564,1.0,False,,
4,3,0.012691914022517911,0.0,0.0,0.00040941658137154564,-0.00040941658137154564,1.0,False,,
4,4,0.012691914022517911,0.0,0.0,0.00040941658137154564,-0.00040941658137154564,1.0,False,,
4,5,0.012691914022517911,0.0,0.0,0.00040941658137154564,-0.00040941658137154564,1.0,False,,
4,6,0.013101330603889457,-0.00040941658137154564,-0.00020470829068577277,0.00040941658137154564,-0.0006141248720573176,1.0,False,,
4,7,0.012691914022517911,0.0,0.0,0.00040941658137154564,-0.00040941658137154564,1.0,False,,
4,8,0.01248720573183214,0.00020470829068577195,0.0,0.0006141248720573185,-0.00040941658137154564,0.3737,False,,
4,9,0.012691914022517911,0.0,0.0,0.00040941658137154564,-0.00040941658137154564,1.0,False,,
4,10,0.012691914022517911,0.0,0.0,0.00040941658137154564,-0.00040941658137154564,1.0,False,,
4,11,0.01248720573183214,0.00020470829068577195,0.0,0.0006141248720573185,-0.00040941658137154564,0.3737,False,,
4,12,0.012691914022517911,0.0,0.0,0.00040941658137154564,-0.00040941658137154564,1.0,False,,
4,13,0.01248720573183214,0.00020470829068577195,0.0,0.0006141248720573185,-0.00040941658137154564,0.3737,False,,
4,14,0.013101330603889457,-0.00040941658137154564,-0.00020470829068577277,0.00040941658137154564,-0.0006141248720573176,1.0,False,,
4,15,0.012896622313203685,-0.0002047082906857737,-0.00020470829068577277,0.0006141248720573185,-0.0006141248720573176,0.7426,False,,
4,16,0.012691914022517911,0.0,0.0,0.00040941658137154564,-0.00040941658137154564,1.0,False,,
4,17,0.012691914022517911,0.0,0.0,0.00040941658137154564,-0.00040941658137154564,1.0,False,,
4,18,0.012691914022517911,0.0,0.0,0.00040941658137154564,-0.00040941658137154564,1.0,False,,
4,19,0.012691914022517911,0.0,0.0,0.00040941658137154564,-0.00040941658137154564,1.0,False,,
5,0,0.012896622313203685,-0.0002047082906857737,0.0,0.00040941658137154564,-0.0006141248720573176,1.0,False,,
5,1,0.012691914022517911,0.0,0.0,0.00040941658137154564,-0.00040941658137154564,1.0,False,,
5,2,0.01248720573183214,0.00020470829068577195,0.0,0.0006141248720573185,-0.00040941658137154564,0.3737,False,,
5,3,0.012691914022517911,0.0,0.0,0.00040941658137154564,-0.00040941658137154564,1.0,False,,
5,4,0.012691914022517911,0.0,0.0,0.00040941658137154564,-0.00040941658137154564,1.0,False,,
5,5,0.01330603889457523,-0.0006141248720573193,-0.00020470829068577277,0.00040941658137154564,-0.0008188331627430913,0.8886,True,0.0667,True
5,6,0.012691914022517911,0.0,0.0,0.00040941658137154564,-0.00040941658137154564,1.0,False,,
5,7,0.1007164790174002,-0.08802456499488229,-0.0436028659160696,-0.04360286591606961,-0.0008188331627430913,1.0,True,0.0665,True
5,8,0.012691914022517911,0.0,0.0,0.00040941658137154564,-0.00040941658137154564,1.0,False,,
5,9,0.012896622313203685,-0.0002047082906857737,0.0,0.00020470829068577282,-0.00040941658137154564,1.0,False,,
5,10,0.01248720573183214,0.00020470829068577195,0.0,0.0006141248720573185,-0.00040941658137154564,0.3976,False,,
5,11,0.012691914022517911,0.0,0.0,0.00040941658137154564,-0.00040941658137154564,1.0,False,,
5,12,0.012691914022517911,0.0,0.0,0.00040941658137154564,-0.00040941658137154564,1.0,False,,
5,13,0.012691914022517911,0.0,0.0,0.00040941658137154564,-0.00040941658137154564,1.0,False,,
5,14,0.012691914022517911,0.0,0.0,0.00040941658137154564,-0.00040941658137154564,1.0,False,,
5,15,0.01248720573183214,0.00020470829068577195,0.0,0.0006141248720573185,-0.00040941658137154564,0.3737,False,,
5,16,0.012691914022517911,0.0,0.0,0.00040941658137154564,-0.00040941658137154564,1.0,False,,
5,17,0.012691914022517911,0.0,0.0,0.00040941658137154564,-0.00040941658137154564,1.0,False,,
5,18,0.012691914022517911,0.0,0.0,0.00040941658137154564,-0.00040941658137154564,1.0,False,,
5,19,0.012691914022517911,0.0,0.0,0.00040941658137154564,-0.00040941658137154564,1.0,False,,
6,0,0.012691914022517911,0.0,0.0,0.00040941658137154564,-0.00040941658137154564,0.6574,False,,
6,1,0.012691914022517911,0.0,0.0,0.00040941658137154564,-0.00040941658137154564,1.0,False,,
6,2,0.012691914022517911,0.0,0.0,0.00040941658137154564,-0.00040941658137154564,1.0,False,,
6,3,0.012691914022517911,0.0,0.0,0.00040941658137154564,-0.00040941658137154564,1.0,False,,
6,4,0.012691914022517911,0.0,0.0,0.00040941658137154564,-0.00040941658137154564,1.0,False,,
6,5,0.012691914022517911,0.0,0.0,0.00040941658137154564,-0.00040941658137154564,1.0,False,,
6,6,0.012691914022517911,0.0,0.0,0.00040941658137154564,-0.00040941658137154564,1.0,False,,
6,7,0.012691914022517911,0.0,0.0,0.00040941658137154564,-0.00040941658137154564,1.0,False,,
6,8,0.012691914022517911,0.0,0.0,0.00040941658137154564,-0.00040941658137154564,1.0,False,,
6,9,0.012691914022517911,0.0,0.0,0.00040941658137154564,-0.00040941658137154564,1.0,False,,
6,10,0.012691914022517911,0.0,0.0,0.00040941658137154564,-0.00040941658137154564,1.0,False,,
6,11,0.012691914022517911,0.0,0.0,0.00040941658137154564,-0.00040941658137154564,1.0,False,,
6,12,0.012691914022517911,0.0,0.0,0.00040941658137154564,-0.00040941658137154564,1.0,False,,
6,13,0.012691914022517911,0.0,0.0,0.00040941658137154564,-0.00040941658137154564,1.0,False,,
6,14,0.012691914022517911,0.0,0.0,0.00040941658137154564,-0.00040941658137154564,0.6582,False,,
6,15,0.012691914022517911,0.0,0.0,0.00040941658137154564,-0.00040941658137154564,1.0,False,,
6,16,0.012691914022517911,0.0,0.0,0.00040941658137154564,-0.00040941658137154564,1.0,False,,
6,17,0.012691914022517911,0.0,0.0,0.00040941658137154564,-0.00040941658137154564,1.0,False,,
6,18,0.012896622313203685,-0.0002047082906857737,-0.00020470829068577277,0.0006141248720573185,-0.0006141248720573176,0.739,False,,
6,19,0.01248720573183214,0.00020470829068577195,0.0,0.0008188331627430913,-0.0006141248720573176,0.4008,False,,
7,0,0.012691914022517911,0.0,0.0,0.00040941658137154564,-0.00040941658137154564,1.0,False,,
7,1,0.012691914022517911,0.0,0.0,0.00040941658137154564,-0.00040941658137154564,1.0,False,,
7,2,0.012691914022517911,0.0,0.0,0.00040941658137154564,-0.00040941658137154564,1.0,False,,
7,3,0.012691914022517911,0.0,0.0,0.00040941658137154564,-0.00040941658137154564,1.0,False,,
7,4,0.012691914022517911,0.0,0.0,0.00040941658137154564,-0.00040941658137154564,1.0,False,,
7,5,0.012691914022517911,0.0,0.0,0.00040941658137154564,-0.00040941658137154564,1.0,False,,
7,6,0.012077789150460594,0.0006141248720573176,0.0,0.001023541453428864,-0.00040941658137154564,0.1276,True,0.067,True
7,7,0.012896622313203685,-0.0002047082906857737,0.0,0.00040941658137154564,-0.0006141248720573176,1.0,False,,
7,8,0.012691914022517911,0.0,0.0,0.00040941658137154564,-0.00040941658137154564,1.0,False,,
7,9,0.012691914022517911,0.0,0.0,0.00040941658137154564,-0.00040941658137154564,1.0,False,,
7,10,0.012691914022517911,0.0,0.0,0.00040941658137154564,-0.00040941658137154564,1.0,False,,
7,11,0.012691914022517911,0.0,0.0,0.00040941658137154564,-0.00040941658137154564,1.0,False,,
7,12,0.012691914022517911,0.0,0.0,0.00040941658137154564,-0.00040941658137154564,1.0,False,,
7,13,0.012896622313203685,-0.0002047082906857737,-0.00020470829068577277,0.0006141248720573185,-0.0006141248720573176,0.7426,False,,
7,14,0.012691914022517911,0.0,0.0,0.00040941658137154564,-0.00040941658137154564,1.0,False,,
7,15,0.012691914022517911,0.0,0.0,0.00040941658137154564,-0.00040941658137154564,1.0,False,,
7,16,0.012691914022517911,0.0,0.0,0.00040941658137154564,-0.00040941658137154564,1.0,False,,
7,17,0.012896622313203685,-0.0002047082906857737,0.0,0.00040941658137154564,-0.0006141248720573176,0.8132,False,,
7,18,0.012896622313203685,-0.0002047082906857737,0.0,0.00020470829068577282,-0.00040941658137154564,1.0,False,,
7,19,0.012691914022517911,0.0,0.0,0.00040941658137154564,-0.00040941658137154564,1.0,False,,
8,0,0.01248720573183214,0.00020470829068577195,0.0,0.0008188331627430913,-0.0006141248720573176,0.4276,False,,
8,1,0.01248720573183214,0.00020470829068577195,0.0,0.0006141248720573185,-0.00040941658137154564,0.3751,False,,
8,2,0.013101330603889457,-0.00040941658137154564,-0.00020470829068577277,0.00040941658137154564,-0.0006141248720573176,1.0,False,,
8,3,0.012691914022517911,0.0,0.0,0.00040941658137154564,-0.00040941658137154564,1.0,False,,
8,4,0.012896622313203685,-0.0002047082906857737,0.0,0.00040941658137154564,-0.0006141248720573176,1.0,False,,
8,5,0.012691914022517911,0.0,0.0,0.00040941658137154564,-0.00040941658137154564,1.0,False,,
8,6,0.012691914022517911,0.0,0.0,0.00040941658137154564,-0.00040941658137154564,1.0,False,,
8,7,0.012691914022517911,0.0,0.0,0.00040941658137154564,-0.00040941658137154564,1.0,False,,
8,8,0.012691914022517911,0.0,0.0,0.00040941658137154564,-0.00040941658137154564,1.0,False,,
8,9,0.012691914022517911,0.0,0.0,0.00040941658137154564,-0.00040941658137154564,1.0,False,,
8,10,0.012691914022517911,0.0,0.0,0.00040941658137154564,-0.00040941658137154564,1.0,False,,
8,11,0.012691914022517911,0.0,0.0,0.00040941658137154564,-0.00040941658137154564,1.0,False,,
8,12,0.012691914022517911,0.0,0.0,0.00040941658137154564,-0.00040941658137154564,1.0,False,,
8,13,0.012691914022517911,0.0,0.0,0.00040941658137154564,-0.00040941658137154564,1.0,False,,
8,14,0.012691914022517911,0.0,0.0,0.00040941658137154564,-0.00040941658137154564,1.0,False,,
8,15,0.01248720573183214,0.00020470829068577195,0.0,0.0006141248720573185,-0.00040941658137154564,0.3658,False,,
8,16,0.01248720573183214,0.00020470829068577195,0.0,0.0006141248720573185,-0.00040941658137154564,0.3751,False,,
8,17,0.012691914022517911,0.0,0.0,0.00040941658137154564,-0.00040941658137154564,1.0,False,,
8,18,0.01248720573183214,0.00020470829068577195,0.0,0.0006141248720573185,-0.00040941658137154564,0.3658,False,,
8,19,0.013101330603889457,-0.00040941658137154564,-0.00020470829068577277,0.00040941658137154564,-0.0006141248720573176,1.0,False,,
9,0,0.10051177072671443,-0.08781985670419651,-0.0436028659160696,-0.04339815762538383,-0.0008188331627430913,0.7703,True,0.067,True
9,1,0.012691914022517911,0.0,0.0,0.00040941658137154564,-0.00040941658137154564,1.0,False,,
9,2,0.012691914022517911,0.0,0.0,0.00040941658137154564,-0.00040941658137154564,1.0,False,,
9,3,0.012691914022517911,0.0,0.0,0.00040941658137154564,-0.00040941658137154564,1.0,False,,
9,4,0.012691914022517911,0.0,0.0,0.00040941658137154564,-0.00040941658137154564,1.0,False,,
9,5,0.012691914022517911,0.0,0.0,0.00040941658137154564,-0.00040941658137154564,1.0,False,,
9,6,0.012691914022517911,0.0,0.0,0.00040941658137154564,-0.00040941658137154564,1.0,False,,
9,7,0.01248720573183214,0.00020470829068577195,0.0,0.0006141248720573185,-0.00040941658137154564,0.3749,False,,
9,8,0.012691914022517911,0.0,0.0,0.00040941658137154564,-0.00040941658137154564,1.0,False,,
9,9,0.012691914022517911,0.0,0.0,0.00040941658137154564,-0.00040941658137154564,1.0,False,,
9,10,0.012691914022517911,0.0,0.0,0.00040941658137154564,-0.00040941658137154564,1.0,False,,
9,11,0.012691914022517911,0.0,0.0,0.00040941658137154564,-0.00040941658137154564,1.0,False,,
9,12,0.012691914022517911,0.0,0.0,0.00040941658137154564,-0.00040941658137154564,1.0,False,,
9,13,0.012691914022517911,0.0,0.0,0.00040941658137154564,-0.00040941658137154564,1.0,False,,
9,14,0.012896622313203685,-0.0002047082906857737,0.0,0.00020470829068577282,-0.00040941658137154564,1.0,False,,
9,15,0.012691914022517911,0.0,0.0,0.00040941658137154564,-0.00040941658137154564,1.0,False,,
9,16,0.012691914022517911,0.0,0.0,0.00040941658137154564,-0.00040941658137154564,1.0,False,,
9,17,0.012691914022517911,0.0,0.0,0.00040941658137154564,-0.00040941658137154564,1.0,False,,
9,18,0.012691914022517911,0.0,0.0,0.00040941658137154564,-0.00040941658137154564,1.0,False,,
9,19,0.012691914022517911,0.0,0.0,0.00040941658137154564,-0.00040941658137154564,1.0,False,,
10,0,0.01248720573183214,0.00020470829068577195,0.0,0.0006141248720573185,-0.00040941658137154564,0.3751,False,,
10,1,0.012691914022517911,0.0,0.0,0.00040941658137154564,-0.00040941658137154564,1.0,False,,
10,2,0.012691914022517911,0.0,0.0,0.00040941658137154564,-0.00040941658137154564,1.0,False,,
10,3,0.012691914022517911,0.0,0.0,0.00040941658137154564,-0.00040941658137154564,0.6484,False,,
10,4,0.012691914022517911,0.0,0.0,0.00040941658137154564,-0.00040941658137154564,0.656,False,,
10,5,0.013101330603889457,-0.00040941658137154564,-0.00020470829068577277,0.00040941658137154564,-0.0006141248720573176,1.0,False,,
10,6,0.012691914022517911,0.0,0.0,0.00040941658137154564,-0.00040941658137154564,1.0,False,,
10,7,0.012691914022517911,0.0,0.0,0.00040941658137154564,-0.00040941658137154564,1.0,False,,
10,8,0.012077789150460594,0.0006141248720573176,0.0,0.0008188331627430913,-0.00020470829068577195,0.3737,True,0.067,True
10,9,0.012691914022517911,0.0,0.0,0.00040941658137154564,-0.00040941658137154564,1.0,False,,
10,10,0.012691914022517911,0.0,0.0,0.00040941658137154564,-0.00040941658137154564,1.0,False,,
10,11,0.012691914022517911,0.0,0.0,0.00040941658137154564,-0.00040941658137154564,1.0,False,,
10,12,0.012691914022517911,0.0,0.0,0.00040941658137154564,-0.00040941658137154564,1.0,False,,
10,13,0.012691914022517911,0.0,0.0,0.00040941658137154564,-0.00040941658137154564,0.6583,False,,
10,14,0.012691914022517911,0.0,0.0,0.00040941658137154564,-0.00040941658137154564,1.0,False,,
10,15,0.012691914022517911,0.0,0.0,0.00040941658137154564,-0.00040941658137154564,1.0,False,,
10,16,0.012691914022517911,0.0,0.0,0.00040941658137154564,-0.00040941658137154564,1.0,False,,
10,17,0.012691914022517911,0.0,0.0,0.00040941658137154564,-0.00040941658137154564,1.0,False,,
10,18,0.012691914022517911,0.0,-0.00020470829068577277,0.0008188331627430913,-0.0006141248720573176,0.5605,False,,
10,19,0.012691914022517911,0.0,0.0,0.00040941658137154564,-0.00040941658137154564,1.0,False,,
11,0,0.012691914022517911,0.0,0.0,0.00040941658137154564,-0.00040941658137154564,1.0,False,,
11,1,0.012691914022517911,0.0,0.0,0.00040941658137154564,-0.00040941658137154564,1.0,False,,
11,2,0.012282497441146366,0.00040941658137154564,0.0,0.0008188331627430913,-0.00040941658137154564,0.1378,False,,
11,3,0.01248720573183214,0.00020470829068577195,0.0,0.0006141248720573185,-0.00040941658137154564,0.3658,False,,
11,4,0.012691914022517911,0.0,0.0,0.00040941658137154564,-0.00040941658137154564,1.0,False,,
11,5,0.012691914022517911,0.0,0.0,0.00040941658137154564,-0.00040941658137154564,1.0,False,,
11,6,0.012691914022517911,0.0,0.0,0.00040941658137154564,-0.00040941658137154564,1.0,False,,
11,7,0.012691914022517911,0.0,0.0,0.00040941658137154564,-0.00040941658137154564,1.0,False,,
11,8,0.012691914022517911,0.0,0.0,0.00040941658137154564,-0.00040941658137154564,1.0,False,,
11,9,0.1007164790174002,-0.08802456499488229,-0.0436028659160696,-0.04360286591606961,-0.0008188331627430913,1.0,True,0.06559999999999999,True
11,10,0.10051177072671443,-0.08781985670419651,-0.0436028659160696,-0.04339815762538383,-0.0008188331627430913,0.7765,True,0.0665,True
11,11,0.012282497441146366,0.00040941658137154564,0.0,0.0006141248720573185,-0.00020470829068577195,0.1329,False,,
11,12,0.012691914022517911,0.0,0.0,0.00040941658137154564,-0.00040941658137154564,1.0,False,,
11,13,0.012691914022517911,0.0,0.0,0.00040941658137154564,-0.00040941658137154564,1.0,False,,
11,14,0.01248720573183214,0.00020470829068577195,0.0,0.0006141248720573185,-0.00040941658137154564,0.3658,False,,
11,15,0.01248720573183214,0.00020470829068577195,-0.00020470829068577277,0.0008188331627430913,-0.00040941658137154564,0.4086,False,,
11,16,0.012691914022517911,0.0,0.0,0.00040941658137154564,-0.00040941658137154564,1.0,False,,
11,17,0.012691914022517911,0.0,0.0,0.00040941658137154564,-0.00040941658137154564,1.0,False,,
11,18,0.01248720573183214,0.00020470829068577195,0.0,0.0006141248720573185,-0.00040941658137154564,0.3751,False,,
11,19,0.012691914022517911,0.0,0.0,0.00040941658137154564,-0.00040941658137154564,1.0,False,,
12,0,0.012896622313203685,-0.0002047082906857737,0.0,0.00020470829068577282,-0.00040941658137154564,0.8136,False,,
12,1,0.012691914022517911,0.0,0.0,0.00040941658137154564,-0.00040941658137154564,1.0,False,,
12,2,0.012691914022517911,0.0,0.0,0.00040941658137154564,-0.00040941658137154564,1.0,False,,
12,3,0.013101330603889457,-0.00040941658137154564,0.0,-0.00020470829068577282,-0.00020470829068577195,0.9068,False,,
12,4,0.012896622313203685,-0.0002047082906857737,-0.00020470829068577277,0.0006141248720573185,-0.0006141248720573176,0.712,False,,
12,5,0.012691914022517911,0.0,0.0,0.00040941658137154564,-0.00040941658137154564,1.0,False,,
12,6,0.012691914022517911,0.0,0.0,0.00040941658137154564,-0.00040941658137154564,1.0,False,,
12,7,0.012691914022517911,0.0,0.0,0.00040941658137154564,-0.00040941658137154564,1.0,False,,
12,8,0.012282497441146366,0.00040941658137154564,0.0,0.0008188331627430913,-0.00040941658137154564,0.1378,False,,
12,9,0.012691914022517911,0.0,0.0,0.00040941658137154564,-0.00040941658137154564,1.0,False,,
12,10,0.012691914022517911,0.0,0.0,0.00040941658137154564,-0.00040941658137154564,1.0,False,,
12,11,0.012691914022517911,0.0,0.0,0.00040941658137154564,-0.00040941658137154564,1.0,False,,
12,12,0.012691914022517911,0.0,0.0,0.00040941658137154564,-0.00040941658137154564,1.0,False,,
12,13,0.012691914022517911,0.0,0.0,0.00040941658137154564,-0.00040941658137154564,1.0,False,,
12,14,0.012691914022517911,0.0,0.0,0.00040941658137154564,-0.00040941658137154564,1.0,False,,
12,15,0.012691914022517911,0.0,0.0,0.00040941658137154564,-0.00040941658137154564,1.0,False,,
12,16,0.012691914022517911,0.0,0.0,0.00040941658137154564,-0.00040941658137154564,1.0,False,,
12,17,0.012691914022517911,0.0,0.0,0.00040941658137154564,-0.00040941658137154564,1.0,False,,
12,18,0.012896622313203685,-0.0002047082906857737,0.0,0.00040941658137154564,-0.0006141248720573176,1.0,False,,
12,19,0.012691914022517911,0.0,0.0,0.00040941658137154564,-0.00040941658137154564,1.0,False,,
13,0,0.012282497441146366,0.00040941658137154564,0.0,0.0006141248720573185,-0.00020470829068577195,0.1329,False,,
13,1,0.012691914022517911,0.0,0.0,0.00040941658137154564,-0.00040941658137154564,1.0,False,,
13,2,0.01248720573183214,0.00020470829068577195,0.0,0.0006141248720573185,-0.00040941658137154564,0.3737,False,,
13,3,0.012896622313203685,-0.0002047082906857737,0.0,0.00020470829068577282,-0.00040941658137154564,1.0,False,,
13,4,0.012691914022517911,0.0,0.0,0.00040941658137154564,-0.00040941658137154564,1.0,False,,
13,5,0.012691914022517911,0.0,0.0,0.00040941658137154564,-0.00040941658137154564,1.0,False,,
13,6,0.01248720573183214,0.00020470829068577195,0.0,0.0006141248720573185,-0.00040941658137154564,0.3749,False,,
13,7,0.012691914022517911,0.0,0.0,0.00040941658137154564,-0.00040941658137154564,1.0,False,,
13,8,0.012691914022517911,0.0,0.0,0.00040941658137154564,-0.00040941658137154564,1.0,False,,
13,9,0.012691914022517911,0.0,0.0,0.00040941658137154564,-0.00040941658137154564,1.0,False,,
13,10,0.012691914022517911,0.0,0.0,0.00040941658137154564,-0.00040941658137154564,1.0,False,,
13,11,0.01248720573183214,0.00020470829068577195,-0.00020470829068577277,0.001023541453428864,-0.0006141248720573176,0.4064,False,,
13,12,0.012691914022517911,0.0,0.0,0.00040941658137154564,-0.00040941658137154564,1.0,False,,
13,13,0.012691914022517911,0.0,0.0,0.00040941658137154564,-0.00040941658137154564,1.0,False,,
13,14,0.012691914022517911,0.0,0.0,0.00040941658137154564,-0.00040941658137154564,1.0,False,,
13,15,0.012691914022517911,0.0,0.0,0.00040941658137154564,-0.00040941658137154564,1.0,False,,
13,16,0.012691914022517911,0.0,0.0,0.00040941658137154564,-0.00040941658137154564,1.0,False,,
13,17,0.012282497441146366,0.00040941658137154564,0.0,0.0006141248720573185,-0.00020470829068577195,0.1322,False,,
13,18,0.012896622313203685,-0.0002047082906857737,0.0,0.00040941658137154564,-0.0006141248720573176,0.8156,False,,
13,19,0.1007164790174002,-0.08802456499488229,-0.0436028659160696,-0.04360286591606961,-0.0008188331627430913,1.0,True,0.067,True
14,0,0.012691914022517911,0.0,0.0,0.00040941658137154564,-0.00040941658137154564,1.0,False,,
14,1,0.01248720573183214,0.00020470829068577195,0.0,0.0006141248720573185,-0.00040941658137154564,0.3751,False,,
14,2,0.012691914022517911,0.0,0.0,0.00040941658137154564,-0.00040941658137154564,1.0,False,,
14,3,0.01248720573183214,0.00020470829068577195,0.0,0.0006141248720573185,-0.00040941658137154564,0.3751,False,,
14,4,0.012691914022517911,0.0,0.0,0.00040941658137154564,-0.00040941658137154564,1.0,False,,
14,5,0.012691914022517911,0.0,0.0,0.00040941658137154564,-0.00040941658137154564,1.0,False,,
14,6,0.01248720573183214,0.00020470829068577195,0.0,0.0006141248720573185,-0.00040941658137154564,0.3658,False,,
14,7,0.01248720573183214,0.00020470829068577195,0.0,0.0006141248720573185,-0.00040941658137154564,0.3658,False,,
14,8,0.01248720573183214,0.00020470829068577195,0.0,0.0006141248720573185,-0.00040941658137154564,0.394,False,,
14,9,0.012691914022517911,0.0,0.0,0.00040941658137154564,-0.00040941658137154564,1.0,False,,
14,10,0.012691914022517911,0.0,0.0,0.00040941658137154564,-0.00040941658137154564,1.0,False,,
14,11,0.01248720573183214,0.00020470829068577195,0.0,0.0006141248720573185,-0.00040941658137154564,0.3751,False,,
14,12,0.012691914022517911,0.0,0.0,0.00040941658137154564,-0.00040941658137154564,1.0,False,,
14,13,0.012691914022517911,0.0,0.0,0.00040941658137154564,-0.00040941658137154564,1.0,False,,
14,14,0.012691914022517911,0.0,0.0,0.00040941658137154564,-0.00040941658137154564,1.0,False,,
14,15,0.01248720573183214,0.00020470829068577195,0.0,0.0006141248720573185,-0.00040941658137154564,0.3658,False,,
14,16,0.01248720573183214,0.00020470829068577195,0.0,0.0006141248720573185,-0.00040941658137154564,0.3658,False,,
14,17,0.012691914022517911,0.0,0.0,0.00040941658137154564,-0.00040941658137154564,0.6439,False,,
14,18,0.012691914022517911,0.0,0.0,0.00040941658137154564,-0.00040941658137154564,1.0,False,,
14,19,0.012896622313203685,-0.0002047082906857737,0.0,0.00040941658137154564,-0.0006141248720573176,1.0,False,,
15,0,0.01248720573183214,0.00020470829068577195,0.0,0.0006141248720573185,-0.00040941658137154564,0.3751,False,,
15,1,0.012691914022517911,0.0,0.0,0.0006141248720573185,-0.0006141248720573176,0.6583,False,,
15,2,0.012691914022517911,0.0,0.0,0.00040941658137154564,-0.00040941658137154564,1.0,False,,
15,3,0.012691914022517911,0.0,0.0,0.00040941658137154564,-0.00040941658137154564,1.0,False,,
15,4,0.012691914022517911,0.0,0.0,0.00040941658137154564,-0.00040941658137154564,1.0,False,,
15,5,0.01248720573183214,0.00020470829068577195,0.0,0.0006141248720573185,-0.00040941658137154564,0.3751,False,,
15,6,0.012282497441146366,0.00040941658137154564,0.0,0.0008188331627430913,-0.00040941658137154564,0.1378,False,,
15,7,0.01248720573183214,0.00020470829068577195,0.0,0.0006141248720573185,-0.00040941658137154564,0.3911,False,,
15,8,0.10051177072671443,-0.08781985670419651,-0.0436028659160696,-0.04339815762538383,-0.0008188331627430913,0.7703,True,0.0665,True
15,9,0.012691914022517911,0.0,0.0,0.00040941658137154564,-0.00040941658137154564,1.0,False,,
15,10,0.012691914022517911,0.0,0.0,0.00040941658137154564,-0.00040941658137154564,1.0,False,,
15,11,0.01330603889457523,-0.0006141248720573193,0.0,-0.00020470829068577282,-0.00040941658137154564,1.0,True,0.067,True
15,12,0.012691914022517911,0.0,0.0,0.00040941658137154564,-0.00040941658137154564,1.0,False,,
15,13,0.012896622313203685,-0.0002047082906857737,0.0,0.00040941658137154564,-0.0006141248720573176,1.0,False,,
15,14,0.012691914022517911,0.0,0.0,0.00040941658137154564,-0.00040941658137154564,1.0,False,,
15,15,0.012691914022517911,0.0,0.0,0.00040941658137154564,-0.00040941658137154564,1.0,False,,
15,16,0.013101330603889457,-0.00040941658137154564,0.0,0.0,-0.00040941658137154564,1.0,False,,
15,17,0.012691914022517911,0.0,0.0,0.00040941658137154564,-0.00040941658137154564,1.0,False,,
15,18,0.012282497441146366,0.00040941658137154564,0.0,0.0008188331627430913,-0.00040941658137154564,0.3638,False,,
15,19,0.01248720573183214,0.00020470829068577195,0.0,0.0006141248720573185,-0.00040941658137154564,0.3751,False,,
16,0,0.013101330603889457,-0.00040941658137154564,0.0,0.0,-0.00040941658137154564,0.8534,False,,
16,1,0.012282497441146366,0.00040941658137154564,0.0,0.0008188331627430913,-0.00040941658137154564,0.3638,False,,
16,2,0.012282497441146366,0.00040941658137154564,0.0,0.0008188331627430913,-0.00040941658137154564,0.1355,False,,
16,3,0.012691914022517911,0.0,0.0,0.00040941658137154564,-0.00040941658137154564,1.0,False,,
16,4,0.012691914022517911,0.0,0.0,0.00040941658137154564,-0.00040941658137154564,1.0,False,,
16,5,0.012896622313203685,-0.0002047082906857737,0.0,0.00040941658137154564,-0.0006141248720573176,0.8185,False,,
16,6,0.1007164790174002,-0.08802456499488229,-0.0436028659160696,-0.04360286591606961,-0.0008188331627430913,1.0,True,0.067,True
16,7,0.012691914022517911,0.0,0.0,0.00040941658137154564,-0.00040941658137154564,1.0,False,,
16,8,0.012691914022517911,0.0,0.0,0.00040941658137154564,-0.00040941658137154564,1.0,False,,
16,9,0.012691914022517911,0.0,0.0,0.00040941658137154564,-0.00040941658137154564,0.6582,False,,
16,10,0.012691914022517911,0.0,0.0,0.00040941658137154564,-0.00040941658137154564,1.0,False,,
16,11,0.012691914022517911,0.0,0.0,0.00040941658137154564,-0.00040941658137154564,1.0,False,,
16,12,0.012691914022517911,0.0,0.0,0.00040941658137154564,-0.00040941658137154564,1.0,False,,
16,13,0.012282497441146366,0.00040941658137154564,0.0,0.0008188331627430913,-0.00040941658137154564,0.1354,False,,
16,14,0.013101330603889457,-0.00040941658137154564,0.0,0.00040941658137154564,-0.0008188331627430913,0.9066,False,,
16,15,0.012896622313203685,-0.0002047082906857737,0.0,0.00040941658137154564,-0.0006141248720573176,1.0,False,,
16,16,0.01248720573183214,0.00020470829068577195,0.0,0.0006141248720573185,-0.00040941658137154564,0.3751,False,,
16,17,0.012691914022517911,0.0,0.0,0.00040941658137154564,-0.00040941658137154564,1.0,False,,
16,18,0.012691914022517911,0.0,0.0,0.00040941658137154564,-0.00040941658137154564,1.0,False,,
16,19,0.01248720573183214,0.00020470829068577195,0.0,0.0006141248720573185,-0.00040941658137154564,0.3751,False,,
17,0,0.012691914022517911,0.0,0.0,0.00040941658137154564,-0.00040941658137154564,1.0,False,,
17,1,0.012691914022517911,0.0,0.0,0.00040941658137154564,-0.00040941658137154564,0.6566,False,,
17,2,0.013920163766632548,-0.001228249744114637,0.0,-0.00040941658137154564,-0.0008188331627430913,1.0,True,0.0665,True
17,3,0.01248720573183214,0.00020470829068577195,0.0,0.0006141248720573185,-0.00040941658137154564,0.3737,False,,
17,4,0.012691914022517911,0.0,0.0,0.00040941658137154564,-0.00040941658137154564,1.0,False,,
17,5,0.01248720573183214,0.00020470829068577195,0.0,0.0006141248720573185,-0.00040941658137154564,0.3751,False,,
17,6,0.01248720573183214,0.00020470829068577195,0.0,0.0006141248720573185,-0.00040941658137154564,0.3658,False,,
17,7,0.01248720573183214,0.00020470829068577195,0.0,0.0006141248720573185,-0.00040941658137154564,0.3751,False,,
17,8,0.012282497441146366,0.00040941658137154564,0.0,0.0006141248720573185,-0.00020470829068577195,0.1387,False,,
17,9,0.01248720573183214,0.00020470829068577195,0.0,0.00040941658137154564,-0.00020470829068577195,0.3665,False,,
17,10,0.012691914022517911,0.0,0.0,0.00040941658137154564,-0.00040941658137154564,1.0,False,,
17,11,0.01248720573183214,0.00020470829068577195,0.0,0.0006141248720573185,-0.00040941658137154564,0.3751,False,,
17,12,0.01248720573183214,0.00020470829068577195,0.0,0.0006141248720573185,-0.00040941658137154564,0.4167,False,,
17,13,0.01248720573183214,0.00020470829068577195,0.0,0.0006141248720573185,-0.00040941658137154564,0.3658,False,,
17,14,0.012896622313203685,-0.0002047082906857737,0.0,0.00040941658137154564,-0.0006141248720573176,1.0,False,,
17,15,0.01248720573183214,0.00020470829068577195,0.0,0.0006141248720573185,-0.00040941658137154564,0.3658,False,,
17,16,0.012691914022517911,0.0,0.0,0.00040941658137154564,-0.00040941658137154564,1.0,False,,
17,17,0.012691914022517911,0.0,0.0,0.00040941658137154564,-0.00040941658137154564,1.0,False,,
17,18,0.012691914022517911,0.0,0.0,0.00040941658137154564,-0.00040941658137154564,1.0,False,,
17,19,0.012691914022517911,0.0,0.0,0.00020470829068577282,-0.00020470829068577195,0.6483,False,,
18,0,0.012691914022517911,0.0,0.0,0.00020470829068577282,-0.00020470829068577195,0.6514,False,,
18,1,0.012691914022517911,0.0,0.0,0.00040941658137154564,-0.00040941658137154564,1.0,False,,
18,2,0.012896622313203685,-0.0002047082906857737,0.0,0.00020470829068577282,-0.00040941658137154564,1.0,False,,
18,3,0.012691914022517911,0.0,0.0,0.00040941658137154564,-0.00040941658137154564,1.0,False,,
18,4,0.012691914022517911,0.0,0.0,0.00040941658137154564,-0.00040941658137154564,1.0,False,,
18,5,0.012691914022517911,0.0,0.0,0.00040941658137154564,-0.00040941658137154564,1.0,False,,
18,6,0.012691914022517911,0.0,0.0,0.00040941658137154564,-0.00040941658137154564,1.0,False,,
18,7,0.012691914022517911,0.0,0.0,0.00040941658137154564,-0.00040941658137154564,1.0,False,,
18,8,0.012691914022517911,0.0,0.0,0.00040941658137154564,-0.00040941658137154564,1.0,False,,
18,9,0.01248720573183214,0.00020470829068577195,0.0,0.0006141248720573185,-0.00040941658137154564,0.3901,False,,
18,10,0.012691914022517911,0.0,0.0,0.0006141248720573185,-0.0006141248720573176,0.5935,False,,
18,11,0.01248720573183214,0.00020470829068577195,0.0,0.0006141248720573185,-0.00040941658137154564,0.3658,False,,
18,12,0.012691914022517911,0.0,0.0,0.00040941658137154564,-0.00040941658137154564,1.0,False,,
18,13,0.012691914022517911,0.0,0.0,0.00040941658137154564,-0.00040941658137154564,1.0,False,,
18,14,0.012896622313203685,-0.0002047082906857737,0.0,0.00040941658137154564,-0.0006141248720573176,1.0,False,,
18,15,0.012896622313203685,-0.0002047082906857737,0.0,0.00020470829068577282,-0.00040941658137154564,1.0,False,,
18,16,0.01248720573183214,0.00020470829068577195,0.0,0.0006141248720573185,-0.00040941658137154564,0.3751,False,,
18,17,0.012282497441146366,0.00040941658137154564,0.0,0.0008188331627430913,-0.00040941658137154564,0.2279,False,,
18,18,0.012691914022517911,0.0,0.0,0.00040941658137154564,-0.00040941658137154564,1.0,False,,
18,19,0.01248720573183214,0.00020470829068577195,0.0,0.0006141248720573185,-0.00040941658137154564,0.3658,False,,
19,0,0.012896622313203685,-0.0002047082906857737,0.0,0.001023541453428864,-0.001228249744114637,0.6876,False,,
19,1,0.012691914022517911,0.0,0.0,0.00040941658137154564,-0.00040941658137154564,1.0,False,,
19,2,0.012691914022517911,0.0,0.0,0.00040941658137154564,-0.00040941658137154564,1.0,False,,
19,3,0.10030706243602866,-0.08761514841351074,-0.0436028659160696,-0.043193449334698056,-0.0008188331627430913,0.6879,True,0.0667,True
19,4,0.012691914022517911,0.0,0.0,0.00040941658137154564,-0.00040941658137154564,1.0,False,,
19,5,0.012896622313203685,-0.0002047082906857737,0.0,0.00040941658137154564,-0.0006141248720573176,1.0,False,,
19,6,0.012691914022517911,0.0,0.0,0.0006141248720573185,-0.0006141248720573176,0.6069,False,,
19,7,0.012691914022517911,0.0,0.0,0.00040941658137154564,-0.00040941658137154564,1.0,False,,
19,8,0.012896622313203685,-0.0002047082906857737,0.0,0.00020470829068577282,-0.00040941658137154564,1.0,False,,
19,9,0.012691914022517911,0.0,0.0,0.00040941658137154564,-0.00040941658137154564,1.0,False,,
19,10,0.012691914022517911,0.0,0.0,0.00040941658137154564,-0.00040941658137154564,1.0,False,,
19,11,0.012896622313203685,-0.0002047082906857737,0.0,0.00020470829068577282,-0.00040941658137154564,1.0,False,,
19,12,0.01248720573183214,0.00020470829068577195,0.0,0.0006141248720573185,-0.00040941658137154564,0.3751,False,,
19,13,0.01248720573183214,0.00020470829068577195,0.0,0.0006141248720573185,-0.00040941658137154564,0.3751,False,,
19,14,0.1007164790174002,-0.08802456499488229,-0.0436028659160696,-0.04360286591606961,-0.0008188331627430913,1.0,True,0.067,True
19,15,0.012691914022517911,0.0,0.0,0.00040941658137154564,-0.00040941658137154564,0.6583,False,,
19,16,0.012691914022517911,0.0,0.0,0.00040941658137154564,-0.00040941658137154564,1.0,False,,
19,17,0.012282497441146366,0.00040941658137154564,0.0,0.00040941658137154564,0.0,0.134,False,,
19,18,0.012691914022517911,0.0,0.0,0.00040941658137154564,-0.00040941658137154564,1.0,False,,
19,19,0.012896622313203685,-0.0002047082906857737,0.0,0.00020470829068577282,-0.00040941658137154564,1.0,False,,
20,0,0.012691914022517911,0.0,0.0,0.00040941658137154564,-0.00040941658137154564,0.6582,False,,
20,1,0.01248720573183214,0.00020470829068577195,0.0,0.0006141248720573185,-0.00040941658137154564,0.3658,False,,
20,2,0.012896622313203685,-0.0002047082906857737,0.0,0.00020470829068577282,-0.00040941658137154564,1.0,False,,
20,3,0.012691914022517911,0.0,0.0,0.00040941658137154564,-0.00040941658137154564,0.6583,False,,
20,4,0.01248720573183214,0.00020470829068577195,0.0,0.0006141248720573185,-0.00040941658137154564,0.3658,False,,
20,5,0.012282497441146366,0.00040941658137154564,0.0,0.0008188331627430913,-0.00040941658137154564,0.2917,False,,
20,6,0.012282497441146366,0.00040941658137154564,0.0,0.0006141248720573185,-0.00020470829068577195,0.1361,False,,
20,7,0.012691914022517911,0.0,0.0,0.00040941658137154564,-0.00040941658137154564,1.0,False,,
20,8,0.012691914022517911,0.0,0.0,0.00040941658137154564,-0.00040941658137154564,1.0,False,,
20,9,0.012691914022517911,0.0,0.0,0.00040941658137154564,-0.00040941658137154564,1.0,False,,
20,10,0.012691914022517911,0.0,0.0,0.00040941658137154564,-0.00040941658137154564,1.0,False,,
20,11,0.01187308085977482,0.0008188331627430913,0.0,0.001023541453428864,-0.00020470829068577195,0.0456,True,0.0663,True
20,12,0.012691914022517911,0.0,0.0,0.00040941658137154564,-0.00040941658137154564,1.0,False,,
20,13,0.012691914022517911,0.0,0.0,0.0006141248720573185,-0.0006141248720573176,1.0,False,,
20,14,0.012691914022517911,0.0,0.0,0.00040941658137154564,-0.00040941658137154564,0.6529,False,,
20,15,0.012691914022517911,0.0,0.0,0.00040941658137154564,-0.00040941658137154564,1.0,False,,
20,16,0.012691914022517911,0.0,0.0,0.00040941658137154564,-0.00040941658137154564,1.0,False,,
20,17,0.01248720573183214,0.00020470829068577195,0.0,0.0006141248720573185,-0.00040941658137154564,0.3658,False,,
20,18,0.012282497441146366,0.00040941658137154564,0.0,0.0006141248720573185,-0.00020470829068577195,0.1379,False,,
20,19,0.012691914022517911,0.0,0.0,0.00040941658137154564,-0.00040941658137154564,1.0,False,,
21,0,0.012691914022517911,0.0,0.0,0.00040941658137154564,-0.00040941658137154564,1.0,False,,
21,1,0.012691914022517911,0.0,0.0,0.00040941658137154564,-0.00040941658137154564,1.0,False,,
21,2,0.01248720573183214,0.00020470829068577195,0.0,0.0006141248720573185,-0.00040941658137154564,0.3658,False,,
21,3,0.012691914022517911,0.0,0.0,0.00040941658137154564,-0.00040941658137154564,1.0,False,,
21,4,0.012691914022517911,0.0,0.0,0.00040941658137154564,-0.00040941658137154564,1.0,False,,
21,5,0.012896622313203685,-0.0002047082906857737,0.0,0.00020470829068577282,-0.00040941658137154564,1.0,False,,
21,6,0.01330603889457523,-0.0006141248720573193,0.0,0.0,-0.0006141248720573176,1.0,True,0.0667,True
21,7,0.012691914022517911,0.0,0.0,0.00040941658137154564,-0.00040941658137154564,1.0,False,,
21,8,0.012691914022517911,0.0,0.0,0.00040941658137154564,-0.00040941658137154564,1.0,False,,
21,9,0.01248720573183214,0.00020470829068577195,0.0,0.0006141248720573185,-0.00040941658137154564,0.3737,False,,
21,10,0.01248720573183214,0.00020470829068577195,0.0,0.00040941658137154564,-0.00020470829068577195,0.4017,False,,
21,11,0.01248720573183214,0.00020470829068577195,0.0,0.0006141248720573185,-0.00040941658137154564,0.3658,False,,
21,12,0.012691914022517911,0.0,0.0,0.00040941658137154564,-0.00040941658137154564,1.0,False,,
21,13,0.012691914022517911,0.0,0.0,0.00040941658137154564,-0.00040941658137154564,0.6566,False,,
21,14,0.012691914022517911,0.0,0.0,0.00040941658137154564,-0.00040941658137154564,1.0,False,,
21,15,0.012282497441146366,0.00040941658137154564,0.0,0.0008188331627430913,-0.00040941658137154564,0.1355,False,,
21,16,0.01248720573183214,0.00020470829068577195,0.0,0.0006141248720573185,-0.00040941658137154564,0.3658,False,,
21,17,0.01248720573183214,0.00020470829068577195,0.0,0.0006141248720573185,-0.00040941658137154564,0.3658,False,,
21,18,0.01248720573183214,0.00020470829068577195,0.0,0.0006141248720573185,-0.00040941658137154564,0.3751,False,,
21,19,0.012691914022517911,0.0,0.0,0.00040941658137154564,-0.00040941658137154564,0.652,False,,
22,0,0.012691914022517911,0.0,0.0,0.00040941658137154564,-0.00040941658137154564,0.6583,False,,
22,1,0.012282497441146366,0.00040941658137154564,0.0,0.0008188331627430913,-0.00040941658137154564,0.1378,False,,
22,2,0.012282497441146366,0.00040941658137154564,0.0,0.0008188331627430913,-0.00040941658137154564,0.1355,False,,
22,3,0.012691914022517911,0.0,0.0,0.00040941658137154564,-0.00040941658137154564,1.0,False,,
22,4,0.01248720573183214,0.00020470829068577195,0.0,0.0006141248720573185,-0.00040941658137154564,0.3658,False,,
22,5,0.012282497441146366,0.00040941658137154564,0.0,0.0008188331627430913,-0.00040941658137154564,0.1378,False,,
22,6,0.012691914022517911,0.0,0.0,0.00040941658137154564,-0.00040941658137154564,1.0,False,,
22,7,0.012691914022517911,0.0,0.0,0.00040941658137154564,-0.00040941658137154564,1.0,False,,
22,8,0.012691914022517911,0.0,0.0,0.00040941658137154564,-0.00040941658137154564,1.0,False,,
22,9,0.01248720573183214,0.00020470829068577195,0.0,0.0006141248720573185,-0.00040941658137154564,0.3658,False,,
22,10,0.012691914022517911,0.0,0.0,0.00040941658137154564,-0.00040941658137154564,0.652,False,,
22,11,0.01248720573183214,0.00020470829068577195,0.0,0.0006141248720573185,-0.00040941658137154564,0.3658,False,,
22,12,0.012691914022517911,0.0,0.0,0.0006141248720573185,-0.0006141248720573176,0.6527,False,,
22,13,0.012896622313203685,-0.0002047082906857737,0.0,0.00040941658137154564,-0.0006141248720573176,1.0,False,,
22,14,0.012691914022517911,0.0,0.0,0.00040941658137154564,-0.00040941658137154564,1.0,False,,
22,15,0.01248720573183214,0.00020470829068577195,0.0,0.0006141248720573185,-0.00040941658137154564,0.3695,False,,
22,16,0.01248720573183214,0.00020470829068577195,0.0,0.0006141248720573185,-0.00040941658137154564,0.3737,False,,
22,17,0.012691914022517911,0.0,0.0,0.00040941658137154564,-0.00040941658137154564,1.0,False,,
22,18,0.012691914022517911,0.0,0.0,0.0006141248720573185,-0.0006141248720573176,1.0,False,,
22,19,0.012077789150460594,0.0006141248720573176,0.0,0.0006141248720573185,0.0,0.0505,True,0.0674,True
23,0,0.012896622313203685,-0.0002047082906857737,0.0,0.00020470829068577282,-0.00040941658137154564,1.0,False,,
23,1,0.01248720573183214,0.00020470829068577195,0.0,0.0006141248720573185,-0.00040941658137154564,0.3658,False,,
23,2,0.013510747185261003,-0.0008188331627430913,0.0,-0.00020470829068577282,-0.0006141248720573176,0.8745,True,0.0658,True
23,3,0.012691914022517911,0.0,0.0,0.00040941658137154564,-0.00040941658137154564,0.652,False,,
23,4,0.012691914022517911,0.0,0.0,0.00040941658137154564,-0.00040941658137154564,1.0,False,,
23,5,0.012896622313203685,-0.0002047082906857737,0.0,0.00040941658137154564,-0.0006141248720573176,1.0,False,,
23,6,0.012896622313203685,-0.0002047082906857737,0.0,0.00040941658137154564,-0.0006141248720573176,1.0,False,,
23,7,0.012691914022517911,0.0,0.0,0.00040941658137154564,-0.00040941658137154564,1.0,False,,
23,8,0.012896622313203685,-0.0002047082906857737,0.0,0.00040941658137154564,-0.0006141248720573176,1.0,False,,
23,9,0.012691914022517911,0.0,0.0,0.00040941658137154564,-0.00040941658137154564,1.0,False,,
23,10,0.012691914022517911,0.0,0.0,0.00040941658137154564,-0.00040941658137154564,1.0,False,,
23,11,0.012282497441146366,0.00040941658137154564,0.0,0.0008188331627430913,-0.00040941658137154564,0.1355,False,,
23,12,0.012691914022517911,0.0,0.0,0.00040941658137154564,-0.00040941658137154564,1.0,False,,
23,13,0.01248720573183214,0.00020470829068577195,0.0,0.0006141248720573185,-0.00040941658137154564,0.3658,False,,
23,14,0.012691914022517911,0.0,0.0,0.00040941658137154564,-0.00040941658137154564,1.0,False,,
23,15,0.012691914022517911,0.0,0.0,0.00040941658137154564,-0.00040941658137154564,1.0,False,,
23,16,0.012282497441146366,0.00040941658137154564,0.0,0.0008188331627430913,-0.00040941658137154564,0.1378,False,,
23,17,0.012691914022517911,0.0,0.0,0.0006141248720573185,-0.0006141248720573176,0.6543,False,,
23,18,0.012896622313203685,-0.0002047082906857737,0.0,0.00040941658137154564,-0.0006141248720573176,0.817,False,,
23,19,0.012896622313203685,-0.0002047082906857737,0.0,0.00020470829068577282,-0.00040941658137154564,1.0,False,,
24,0,0.012691914022517911,0.0,0.0,0.00040941658137154564,-0.00040941658137154564,1.0,False,,
24,1,0.012896622313203685,-0.0002047082906857737,0.0,0.00040941658137154564,-0.0006141248720573176,1.0,False,,
24,2,0.012896622313203685,-0.0002047082906857737,0.0,0.00040941658137154564,-0.0006141248720573176,1.0,False,,
24,3,0.01248720573183214,0.00020470829068577195,0.0,0.0006141248720573185,-0.00040941658137154564,0.3658,False,,
24,4,0.012691914022517911,0.0,0.0,0.00040941658137154564,-0.00040941658137154564,1.0,False,,
24,5,0.012691914022517911,0.0,0.0,0.00040941658137154564,-0.00040941658137154564,1.0,False,,
24,6,0.012282497441146366,0.00040941658137154564,0.0,0.0006141248720573185,-0.00020470829068577195,0.1409,False,,
24,7,0.10051177072671443,-0.08781985670419651,-0.0436028659160696,-0.04339815762538383,-0.0008188331627430913,0.7703,True,0.0667,True
24,8,0.01248720573183214,0.00020470829068577195,0.0,0.0006141248720573185,-0.00040941658137154564,0.3658,False,,
24,9,0.01248720573183214,0.00020470829068577195,0.0,0.0006141248720573185,-0.00040941658137154564,0.3749,False,,
24,10,0.012896622313203685,-0.0002047082906857737,0.0,0.00020470829068577282,-0.00040941658137154564,1.0,False,,
24,11,0.012691914022517911,0.0,0.0,0.00040941658137154564,-0.00040941658137154564,1.0,False,,
24,12,0.012691914022517911,0.0,0.0,0.00040941658137154564,-0.00040941658137154564,0.652,False,,
24,13,0.012896622313203685,-0.0002047082906857737,0.0,0.00040941658137154564,-0.0006141248720573176,1.0,False,,
24,14,0.012896622313203685,-0.0002047082906857737,-0.00020470829068577277,0.0008188331627430913,-0.0008188331627430913,0.7111,False,,
24,15,0.012691914022517911,0.0,0.0,0.00040941658137154564,-0.00040941658137154564,1.0,False,,
24,16,0.012691914022517911,0.0,0.0,0.00040941658137154564,-0.00040941658137154564,0.6583,False,,
24,17,0.012691914022517911,0.0,0.0,0.00040941658137154564,-0.00040941658137154564,1.0,False,,
24,18,0.012282497441146366,0.00040941658137154564,0.0,0.0008188331627430913,-0.00040941658137154564,0.1355,False,,
24,19,0.012691914022517911,0.0,0.0,0.00040941658137154564,-0.00040941658137154564,1.0,False,,
25,0,0.012282497441146366,0.00040941658137154564,0.0,0.0008188331627430913,-0.00040941658137154564,0.1378,False,,
25,1,0.012691914022517911,0.0,0.0,0.00040941658137154564,-0.00040941658137154564,1.0,False,,
25,2,0.012691914022517911,0.0,0.0,0.00040941658137154564,-0.00040941658137154564,1.0,False,,
25,3,0.012896622313203685,-0.0002047082906857737,0.0,0.00020470829068577282,-0.00040941658137154564,1.0,False,,
25,4,0.012691914022517911,0.0,0.0,0.00040941658137154564,-0.00040941658137154564,1.0,False,,
25,5,0.012077789150460594,0.0006141248720573176,0.0,0.001023541453428864,-0.00040941658137154564,0.051,True,0.0658,True
25,6,0.012896622313203685,-0.0002047082906857737,0.0,0.00040941658137154564,-0.0006141248720573176,1.0,False,,
25,7,0.012896622313203685,-0.0002047082906857737,0.0,0.00040941658137154564,-0.0006141248720573176,1.0,False,,
25,8,0.01248720573183214,0.00020470829068577195,0.0,0.0006141248720573185,-0.00040941658137154564,0.3695,False,,
25,9,0.012896622313203685,-0.0002047082906857737,0.0,0.00040941658137154564,-0.0006141248720573176,1.0,False,,
25,10,0.012691914022517911,0.0,0.0,0.00040941658137154564,-0.00040941658137154564,0.652,False,,
25,11,0.012896622313203685,-0.0002047082906857737,0.0,0.00040941658137154564,-0.0006141248720573176,1.0,False,,
25,12,0.012896622313203685,-0.0002047082906857737,0.0,0.00020470829068577282,-0.00040941658137154564,1.0,False,,
25,13,0.012896622313203685,-0.0002047082906857737,0.0,0.00020470829068577282,-0.00040941658137154564,0.7024,False,,
25,14,0.012691914022517911,0.0,0.0,0.0006141248720573185,-0.0006141248720573176,0.6592,False,,
25,15,0.012691914022517911,0.0,0.0,0.00040941658137154564,-0.00040941658137154564,1.0,False,,
25,16,0.012282497441146366,0.00040941658137154564,0.0,0.0006141248720573185,-0.00020470829068577195,0.1303,False,,
25,17,0.012691914022517911,0.0,0.0,0.00040941658137154564,-0.00040941658137154564,0.607,False,,
25,18,0.012282497441146366,0.00040941658137154564,0.0,0.0008188331627430913,-0.00040941658137154564,0.1378,False,,
25,19,0.012691914022517911,0.0,0.0,0.00040941658137154564,-0.00040941658137154564,0.652,False,,
26,0,0.012691914022517911,0.0,0.0,0.00040941658137154564,-0.00040941658137154564,1.0,False,,
26,1,0.01248720573183214,0.00020470829068577195,0.0,0.0006141248720573185,-0.00040941658137154564,0.3751,False,,
26,2,0.012896622313203685,-0.0002047082906857737,0.0,0.00040941658137154564,-0.0006141248720573176,0.8199,False,,
26,3,0.01330603889457523,-0.0006141248720573193,0.0,-0.00020470829068577282,-0.00040941658137154564,1.0,True,0.0661,True
26,4,0.012691914022517911,0.0,0.0,0.00040941658137154564,-0.00040941658137154564,1.0,False,,
26,5,0.012896622313203685,-0.0002047082906857737,0.0,0.00040941658137154564,-0.0006141248720573176,1.0,False,,
26,6,0.012691914022517911,0.0,0.0,0.0006141248720573185,-0.0006141248720573176,0.6618,False,,
26,7,0.012691914022517911,0.0,0.0,0.00040941658137154564,-0.00040941658137154564,1.0,False,,
26,8,0.012896622313203685,-0.0002047082906857737,0.0,0.00020470829068577282,-0.00040941658137154564,1.0,False,,
26,9,0.012691914022517911,0.0,0.0,0.00040941658137154564,-0.00040941658137154564,1.0,False,,
26,10,0.013101330603889457,-0.00040941658137154564,0.0,0.00020470829068577282,-0.0006141248720573176,1.0,False,,
26,11,0.012896622313203685,-0.0002047082906857737,0.0,0.00040941658137154564,-0.0006141248720573176,1.0,False,,
26,12,0.012691914022517911,0.0,0.0,0.00040941658137154564,-0.00040941658137154564,1.0,False,,
26,13,0.01248720573183214,0.00020470829068577195,0.0,0.0006141248720573185,-0.00040941658137154564,0.3658,False,,
26,14,0.01248720573183214,0.00020470829068577195,0.0,0.0006141248720573185,-0.00040941658137154564,0.3954,False,,
26,15,0.013715455475946776,-0.001023541453428865,-0.00020470829068577277,0.00040941658137154564,-0.001228249744114637,1.0,True,0.0665,True
26,16,0.1007164790174002,-0.08802456499488229,-0.0436028659160696,-0.04360286591606961,-0.0008188331627430913,1.0,True,0.0663,True
26,17,0.012896622313203685,-0.0002047082906857737,0.0,0.00040941658137154564,-0.0006141248720573176,1.0,False,,
26,18,0.012691914022517911,0.0,0.0,0.00040941658137154564,-0.00040941658137154564,1.0,False,,
26,19,0.012896622313203685,-0.0002047082906857737,0.0,0.00020470829068577282,-0.00040941658137154564,1.0,False,,
27,0,0.012896622313203685,-0.0002047082906857737,0.0,0.00020470829068577282,-0.00040941658137154564,1.0,False,,
27,1,0.012691914022517911,0.0,0.0,0.00040941658137154564,-0.00040941658137154564,1.0,False,,
27,2,0.012691914022517911,0.0,0.0,0.00040941658137154564,-0.00040941658137154564,1.0,False,,
27,3,0.01248720573183214,0.00020470829068577195,0.0,0.0006141248720573185,-0.00040941658137154564,0.3737,False,,
27,4,0.01248720573183214,0.00020470829068577195,0.0,0.0006141248720573185,-0.00040941658137154564,0.3737,False,,
27,5,0.012691914022517911,0.0,0.0,0.0006141248720573185,-0.0006141248720573176,0.6484,False,,
27,6,0.012691914022517911,0.0,0.0,0.00040941658137154564,-0.00040941658137154564,1.0,False,,
27,7,0.012896622313203685,-0.0002047082906857737,0.0,0.00040941658137154564,-0.0006141248720573176,0.8154,False,,
27,8,0.013101330603889457,-0.00040941658137154564,0.0,0.00020470829068577282,-0.0006141248720573176,1.0,False,,
27,9,0.01248720573183214,0.00020470829068577195,0.0,0.0006141248720573185,-0.00040941658137154564,0.3658,False,,
27,10,0.012691914022517911,0.0,0.0,0.00040941658137154564,-0.00040941658137154564,1.0,False,,
27,11,0.01248720573183214,0.00020470829068577195,0.0,0.0006141248720573185,-0.00040941658137154564,0.3658,False,,
27,12,0.01248720573183214,0.00020470829068577195,0.0,0.00040941658137154564,-0.00020470829068577195,0.3695,False,,
27,13,0.012896622313203685,-0.0002047082906857737,0.0,0.00020470829068577282,-0.00040941658137154564,1.0,False,,
27,14,0.01248720573183214,0.00020470829068577195,0.0,0.0006141248720573185,-0.00040941658137154564,0.3658,False,,
27,15,0.10092118730808598,-0.08822927328556807,-0.0436028659160696,-0.04360286591606961,-0.0010235414534288632,1.0,True,0.067,True
27,16,0.012691914022517911,0.0,0.0,0.0006141248720573185,-0.0006141248720573176,0.6618,False,,
27,17,0.012896622313203685,-0.0002047082906857737,0.0,0.00040941658137154564,-0.0006141248720573176,0.8161,False,,
27,18,0.012691914022517911,0.0,0.0,0.00040941658137154564,-0.00040941658137154564,1.0,False,,
27,19,0.012691914022517911,0.0,0.0,0.00040941658137154564,-0.00040941658137154564,1.0,False,,
28,0,0.01248720573183214,0.00020470829068577195,0.0,0.0006141248720573185,-0.00040941658137154564,0.3911,False,,
28,1,0.012691914022517911,0.0,0.0,0.00040941658137154564,-0.00040941658137154564,1.0,False,,
28,2,0.01248720573183214,0.00020470829068577195,0.0,0.0006141248720573185,-0.00040941658137154564,0.3658,False,,
28,3,0.012691914022517911,0.0,0.0,0.00040941658137154564,-0.00040941658137154564,1.0,False,,
28,4,0.012896622313203685,-0.0002047082906857737,0.0,0.00040941658137154564,-0.0006141248720573176,1.0,False,,
28,5,0.012896622313203685,-0.0002047082906857737,0.0,0.00040941658137154564,-0.0006141248720573176,1.0,False,,
28,6,0.01248720573183214,0.00020470829068577195,0.0,0.0006141248720573185,-0.00040941658137154564,0.3737,False,,
28,7,0.012691914022517911,0.0,0.0,0.00040941658137154564,-0.00040941658137154564,1.0,False,,
28,8,0.012896622313203685,-0.0002047082906857737,0.0,0.00020470829068577282,-0.00040941658137154564,1.0,False,,
28,9,0.012691914022517911,0.0,0.0,0.00040941658137154564,-0.00040941658137154564,1.0,False,,
28,10,0.012691914022517911,0.0,0.0,0.00040941658137154564,-0.00040941658137154564,1.0,False,,
28,11,0.012691914022517911,0.0,0.0,0.00040941658137154564,-0.00040941658137154564,1.0,False,,
28,12,0.012896622313203685,-0.0002047082906857737,0.0,0.00020470829068577282,-0.00040941658137154564,1.0,False,,
28,13,0.012691914022517911,0.0,0.0,0.0006141248720573185,-0.0006141248720573176,0.6592,False,,
28,14,0.01248720573183214,0.00020470829068577195,0.0,0.00040941658137154564,-0.00020470829068577195,0.4032,False,,
28,15,0.012691914022517911,0.0,0.0,0.0006141248720573185,-0.0006141248720573176,0.6592,False,,
28,16,0.012691914022517911,0.0,0.0,0.00040941658137154564,-0.00040941658137154564,0.6507,False,,
28,17,0.012896622313203685,-0.0002047082906857737,0.0,0.00040941658137154564,-0.0006141248720573176,1.0,False,,
28,18,0.012691914022517911,0.0,0.0,0.00040941658137154564,-0.00040941658137154564,1.0,False,,
28,19,0.012896622313203685,-0.0002047082906857737,0.0,0.00040941658137154564,-0.0006141248720573176,1.0,False,,
29,0,0.012691914022517911,0.0,0.0,0.00040941658137154564,-0.00040941658137154564,1.0,False,,
29,1,0.012896622313203685,-0.0002047082906857737,0.0,0.00020470829068577282,-0.00040941658137154564,1.0,False,,
29,2,0.012896622313203685,-0.0002047082906857737,0.0,0.00020470829068577282,-0.00040941658137154564,0.8174,False,,
29,3,0.012691914022517911,0.0,0.0,0.00040941658137154564,-0.00040941658137154564,0.652,False,,
29,4,0.012896622313203685,-0.0002047082906857737,0.0,0.00040941658137154564,-0.0006141248720573176,1.0,False,,
29,5,0.012691914022517911,0.0,0.0,0.00040941658137154564,-0.00040941658137154564,0.6572,False,,
29,6,0.012282497441146366,0.00040941658137154564,0.0,0.0006141248720573185,-0.00020470829068577195,0.1361,False,,
29,7,0.01248720573183214,0.00020470829068577195,0.0,0.00040941658137154564,-0.00020470829068577195,0.418,False,,
29,8,0.012691914022517911,0.0,0.0,0.00040941658137154564,-0.00040941658137154564,1.0,False,,
29,9,0.01248720573183214,0.00020470829068577195,0.0,0.0006141248720573185,-0.00040941658137154564,0.3658,False,,
29,10,0.012691914022517911,0.0,0.0,0.00040941658137154564,-0.00040941658137154564,1.0,False,,
29,11,0.01330603889457523,-0.0006141248720573193,-0.00020470829068577277,0.00020470829068577282,-0.0006141248720573176,0.9273,True,0.0663,True
29,12,0.012896622313203685,-0.0002047082906857737,0.0,0.00040941658137154564,-0.0006141248720573176,1.0,False,,
29,13,0.01248720573183214,0.00020470829068577195,0.0,0.0006141248720573185,-0.00040941658137154564,0.3658,False,,
29,14,0.012691914022517911,0.0,0.0,0.00040941658137154564,-0.00040941658137154564,1.0,False,,
29,15,0.012691914022517911,0.0,0.0,0.00040941658137154564,-0.00040941658137154564,1.0,False,,
29,16,0.012691914022517911,0.0,0.0,0.0006141248720573185,-0.0006141248720573176,1.0,False,,
29,17,0.012691914022517911,0.0,0.0,0.00040941658137154564,-0.00040941658137154564,1.0,False,,
29,18,0.10092118730808598,-0.08822927328556807,-0.0436028659160696,-0.04380757420675538,-0.0008188331627430913,1.0,True,0.0667,True
29,19,0.012691914022517911,0.0,0.0,0.00040941658137154564,-0.00040941658137154564,1.0,False,,
30,0,0.01248720573183214,0.00020470829068577195,0.0,0.0006141248720573185,-0.00040941658137154564,0.3658,False,,
30,1,0.012691914022517911,0.0,0.0,0.00040941658137154564,-0.00040941658137154564,1.0,False,,
30,2,0.012896622313203685,-0.0002047082906857737,0.0,0.00040941658137154564,-0.0006141248720573176,1.0,False,,
30,3,0.01248720573183214,0.00020470829068577195,0.0,0.0006141248720573185,-0.00040941658137154564,0.3751,False,,
30,4,0.012691914022517911,0.0,0.0,0.00040941658137154564,-0.00040941658137154564,0.652,False,,
30,5,0.012896622313203685,-0.0002047082906857737,0.0,0.0,-0.00020470829068577195,0.7372,False,,
30,6,0.012691914022517911,0.0,0.0,0.00040941658137154564,-0.00040941658137154564,1.0,False,,
30,7,0.012896622313203685,-0.0002047082906857737,0.0,0.00040941658137154564,-0.0006141248720573176,1.0,False,,
30,8,0.013101330603889457,-0.00040941658137154564,0.0,0.00020470829068577282,-0.0006141248720573176,1.0,False,,
30,9,0.013101330603889457,-0.00040941658137154564,0.0,0.00020470829068577282,-0.0006141248720573176,1.0,False,,
30,10,0.012691914022517911,0.0,0.0,0.00040941658137154564,-0.00040941658137154564,1.0,False,,
30,11,0.013101330603889457,-0.00040941658137154564,0.0,0.0,-0.00040941658137154564,0.8542,False,,
30,12,0.012691914022517911,0.0,0.0,0.00040941658137154564,-0.00040941658137154564,0.6522,False,,
30,13,0.012896622313203685,-0.0002047082906857737,0.0,0.00020470829068577282,-0.00040941658137154564,1.0,False,,
30,14,0.012896622313203685,-0.0002047082906857737,0.0,0.00020470829068577282,-0.00040941658137154564,1.0,False,,
30,15,0.013101330603889457,-0.00040941658137154564,0.0,0.00040941658137154564,-0.0008188331627430913,1.0,False,,
30,16,0.012282497441146366,0.00040941658137154564,0.0,0.0006141248720573185,-0.00020470829068577195,0.1303,False,,
30,17,0.012896622313203685,-0.0002047082906857737,0.0,0.00040941658137154564,-0.0006141248720573176,1.0,False,,
30,18,0.012691914022517911,0.0,0.0,0.00040941658137154564,-0.00040941658137154564,0.653,False,,
30,19,0.01248720573183214,0.00020470829068577195,0.0,0.0006141248720573185,-0.00040941658137154564,0.3658,False,,
31,0,0.012691914022517911,0.0,0.0,0.00040941658137154564,-0.00040941658137154564,0.652,False,,
31,1,0.012691914022517911,0.0,0.0,0.00040941658137154564,-0.00040941658137154564,1.0,False,,
31,2,0.012691914022517911,0.0,0.0,0.00040941658137154564,-0.00040941658137154564,1.0,False,,
31,3,0.012691914022517911,0.0,0.0,0.00040941658137154564,-0.00040941658137154564,1.0,False,,
31,4,0.012691914022517911,0.0,0.0,0.00040941658137154564,-0.00040941658137154564,1.0,False,,
31,5,0.012691914022517911,0.0,0.0,0.00040941658137154564,-0.00040941658137154564,1.0,False,,
31,6,0.012691914022517911,0.0,0.0,0.00040941658137154564,-0.00040941658137154564,1.0,False,,
31,7,0.012691914022517911,0.0,0.0,0.00040941658137154564,-0.00040941658137154564,1.0,False,,
31,8,0.01248720573183214,0.00020470829068577195,0.0,0.0006141248720573185,-0.00040941658137154564,0.3658,False,,
31,9,0.012282497441146366,0.00040941658137154564,0.0,0.0008188331627430913,-0.00040941658137154564,0.1378,False,,
31,10,0.012691914022517911,0.0,0.0,0.00040941658137154564,-0.00040941658137154564,1.0,False,,
31,11,0.012691914022517911,0.0,0.0,0.00040941658137154564,-0.00040941658137154564,1.0,False,,
31,12,0.012691914022517911,0.0,0.0,0.00040941658137154564,-0.00040941658137154564,1.0,False,,
31,13,0.012691914022517911,0.0,0.0,0.00040941658137154564,-0.00040941658137154564,1.0,False,,
31,14,0.012896622313203685,-0.0002047082906857737,0.0,0.00020470829068577282,-0.00040941658137154564,1.0,False,,
31,15,0.1007164790174002,-0.08802456499488229,-0.0436028659160696,-0.04360286591606961,-0.0008188331627430913,1.0,True,0.0665,True
31,16,0.012896622313203685,-0.0002047082906857737,0.0,0.00020470829068577282,-0.00040941658137154564,1.0,False,,
31,17,0.012691914022517911,0.0,0.0,0.00040941658137154564,-0.00040941658137154564,1.0,False,,
31,18,0.012896622313203685,-0.0002047082906857737,0.0,0.00040941658137154564,-0.0006141248720573176,1.0,False,,
31,19,0.012691914022517911,0.0,0.0,0.00040941658137154564,-0.00040941658137154564,1.0,False,,
